player_id,player_name,team_code,player_role,base_minutes,base_usage,base_pir,availability_status,availability_impact,availability_source,availability_note,team_missing_minutes,team_missing_usage,role_missing_minutes,role_missing_usage,same_role_minutes_boost,cross_role_minutes_boost,minutes_penalty,net_minutes_delta,rotation_impact_score,collected_at
P000796,"MIROTIC, NIKOLA",MCO,Forward,21.136666666666667,13.2,16.0,available,1.0,,,0.0,0.0,0.0,0.0,0.0,0.0,0.0,0.0,0.0,2026-07-20T09:58:01+00:00
P000848,"NEDOVIC, NEMANJA",MCO,Guard,19.78,9.6,10.0,available,1.0,,,0.0,0.0,0.0,0.0,0.0,0.0,0.0,0.0,0.0,2026-07-20T09:58:01+00:00
P000925,"VESELY, JAN",BAR,Forward,21.856666666666666,9.4,7.6,available,1.0,,,0.0,0.0,0.0,0.0,0.0,0.0,0.0,0.0,0.0,2026-07-20T09:58:01+00:00
P001133,"SHENGELIA, TORNIKE",BAR,Forward,22.55,13.6,13.0,available,1.0,,,0.0,0.0,0.0,0.0,0.0,0.0,0.0,0.0,0.0,2026-07-20T09:58:01+00:00
P001255,"PAPANIKOLAOU, KOSTAS",OLY,Forward,22.633333333333333,7.6,8.2,available,1.0,,,0.0,0.0,0.0,0.0,0.0,0.0,0.0,0.0,0.0,2026-07-20T09:58:01+00:00
P001288,"LUCIC, VLADIMIR",MUN,Forward,21.706666666666667,6.4,13.4,available,1.0,,,0.0,0.0,0.0,0.0,0.0,0.0,0.0,0.0,0.0,2026-07-20T09:58:01+00:00
P001518,"RICCI, GIAMPAOLO",MIL,Forward,10.103333333333333,2.6,-0.2,available,1.0,,,0.0,0.0,0.0,0.0,0.0,0.0,0.0,0.0,0.0,2026-07-20T09:58:01+00:00
P001557,"GIFFEY, NIELS",MUN,Forward,11.856666666666667,2.6,4.2,available,1.0,,,0.0,0.0,0.0,0.0,0.0,0.0,0.0,0.0,0.0,2026-07-20T09:58:01+00:00
P001844,"HACKETT, DANIEL",VIR,Guard,20.656666666666666,6.4,6.6,available,1.0,,,0.0,0.0,0.0,0.0,0.0,0.0,0.0,0.0,0.0,2026-07-20T09:58:01+00:00
P001926,"SLOUKAS, KOSTAS",PAN,Guard,21.28333333333333,10.6,17.2,available,1.0,,,0.0,0.0,0.0,0.0,0.0,0.0,0.0,0.0,0.0,2026-07-20T09:58:01+00:00
P001932,"CALATHES, NICK",PAR,Guard,27.31666666666667,9.0,8.4,available,1.0,,,0.0,0.0,0.0,0.0,0.0,0.0,0.0,0.0,0.0,2026-07-20T09:58:01+00:00
P002100,"DE COLO, NANDO",ASV,Guard,22.123333333333335,12.2,16.6,available,1.0,,,0.0,0.0,0.0,0.0,0.0,0.0,0.0,0.0,0.0,2026-07-20T09:58:01+00:00
P002329,"ULANOVAS, EDGARAS",ZAL,Forward,25.939999999999998,7.8,10.4,available,1.0,,,0.0,0.0,0.0,0.0,0.0,0.0,0.0,0.0,0.0,2026-07-20T09:58:01+00:00
P002580,"MICIC, VASILIJE",HTA,Forward,0.0,0.0,,available,1.0,,,0.0,0.0,0.0,0.0,0.0,0.0,0.0,0.0,0,2026-07-20T09:58:01+00:00
P002661,"PREPELIC, KLEMEN",DUB,Guard,6.2,1.0,-0.5,available,1.0,,,0.0,0.0,0.0,0.0,0.0,0.0,0.0,0.0,0.0,2026-07-20T09:58:01+00:00
P002676,"BUTKEVICIUS, ARNAS",ZAL,Forward,22.6,5.8,7.8,available,1.0,,,0.0,0.0,0.0,0.0,0.0,0.0,0.0,0.0,0.0,2026-07-20T09:58:01+00:00
P002849,"MELLI, NICOLO",ULK,Forward,15.66,7.2,10.4,available,1.0,,,0.0,0.0,0.0,0.0,0.0,0.0,0.0,0.0,0.0,2026-07-20T09:58:01+00:00
P002939,"SATORANSKY, TOMAS",BAR,Guard,23.580000000000002,5.6,11.8,available,1.0,,,0.0,0.0,0.0,0.0,0.0,0.0,0.0,0.0,0.0,2026-07-20T09:58:01+00:00
P003091,"BIRSEN, METECAN",ULK,Forward,1.4500000000000002,1.0,2.0,available,1.0,,,0.0,0.0,0.0,0.0,0.0,0.0,0.0,0.0,0.0,2026-07-20T09:58:01+00:00
P003108,"HEZONJA, MARIO",MAD,Forward,27.556666666666665,10.8,10.2,available,1.0,,,0.0,0.0,0.0,0.0,0.0,0.0,0.0,0.0,0.0,2026-07-20T09:58:01+00:00
P003196,"HERNANGOMEZ, WILLY",BAR,Forward,14.883333333333331,10.0,8.8,available,1.0,,,0.0,0.0,0.0,0.0,0.0,0.0,0.0,0.0,0.0,2026-07-20T09:58:01+00:00
P003458,"BERTANS, DAVIS",DUB,Forward,12.566666666666666,7.5,4.5,available,1.0,,,0.0,0.0,0.0,0.0,0.0,0.0,0.0,0.0,0.0,2026-07-20T09:58:01+00:00
P003469,"VEZENKOV, SASHA",OLY,Forward,31.1,15.0,12.0,available,1.0,,,0.0,0.0,0.0,0.0,0.0,0.0,0.0,0.0,0.0,2026-07-20T09:58:01+00:00
P003526,"LIGHTY, DAVID",ASV,Forward,16.86,2.8,1.0,available,1.0,,,0.0,0.0,0.0,0.0,0.0,0.0,0.0,0.0,0.0,2026-07-20T09:58:01+00:00
P003527,"ABASS, AWUDU",DUB,Forward,20.563333333333333,6.8,6.2,available,1.0,,,0.0,0.0,0.0,0.0,0.0,0.0,0.0,0.0,0.0,2026-07-20T09:58:01+00:00
P003733,"ABALDE, ALBERTO",MAD,Forward,10.173333333333334,3.0,3.0,available,1.0,,,0.0,0.0,0.0,0.0,0.0,0.0,0.0,0.0,0.0,2026-07-20T09:58:01+00:00
P003941,"MILUTINOV, NIKOLA",OLY,Forward,20.553333333333335,7.8,16.8,available,1.0,,,0.0,0.0,0.0,0.0,0.0,0.0,0.0,0.0,0.0,2026-07-20T09:58:01+00:00
P004004,"GUDURIC, MARKO",MIL,Guard,23.186666666666667,8.0,7.2,available,1.0,,,0.0,0.0,0.0,0.0,0.0,0.0,0.0,0.0,0.0,2026-07-20T09:58:01+00:00
P004007,"DOBRIC, OGNJEN",RED,Forward,17.193333333333335,5.6,6.2,available,1.0,,,0.0,0.0,0.0,0.0,0.0,0.0,0.0,0.0,0.0,2026-07-20T09:58:01+00:00
P004088,"OSMAN, CEDI",PAN,Forward,15.141666666666666,8.5,4.0,available,1.0,,,0.0,0.0,0.0,0.0,0.0,0.0,0.0,0.0,0.0,2026-07-20T09:58:01+00:00
P004132,"THEIS, DANIEL",MCO,Center,16.683333333333334,8.0,15.0,available,1.0,,,0.0,0.0,0.0,0.0,0.0,0.0,0.0,0.0,0.0,2026-07-20T09:58:01+00:00
P004197,"OUATTARA, YAKUBA",PRS,Forward,15.069999999999999,5.6,2.4,available,1.0,,,0.0,0.0,0.0,0.0,0.0,0.0,0.0,0.0,0.0,2026-07-20T09:58:01+00:00
P004508,"OBST, ANDREAS",MUN,Forward,20.22,8.0,4.8,available,1.0,,,0.0,0.0,0.0,0.0,0.0,0.0,0.0,0.0,0.0,2026-07-20T09:58:01+00:00
P004866,"KALINIC, NIKOLA",RED,Forward,25.110000000000003,9.4,9.0,available,1.0,,,0.0,0.0,0.0,0.0,0.0,0.0,0.0,0.0,0.0,2026-07-20T09:58:01+00:00
P004888,"CLYBURN, WILL",BAR,Forward,25.74666666666667,13.4,18.0,available,1.0,,,0.0,0.0,0.0,0.0,0.0,0.0,0.0,0.0,0.0,2026-07-20T09:58:01+00:00
P005422,"JALLOW, KARIM",VIR,Forward,0.0,0.0,,available,1.0,,,0.0,0.0,0.0,0.0,0.0,0.0,0.0,0.0,0,2026-07-20T09:58:01+00:00
P005504,"BIRUTIS, LAURYNAS",ZAL,Forward,12.483333333333334,5.2,7.8,available,1.0,,,0.0,0.0,0.0,0.0,0.0,0.0,0.0,0.0,0.0,2026-07-20T09:58:01+00:00
P005713,"KURUCS, RODIONS",BAS,Forward,0.0,0.0,,available,1.0,,,0.0,0.0,0.0,0.0,0.0,0.0,0.0,0.0,0,2026-07-20T09:58:01+00:00
P005791,"TAVARES, WALTER",MAD,Center,23.32333333333333,8.2,16.8,available,1.0,,,0.0,0.0,0.0,0.0,0.0,0.0,0.0,0.0,0.0,2026-07-20T09:58:01+00:00
P005928,"CAMPAZZO, FACUNDO",MAD,Guard,26.669999999999998,11.8,21.8,available,1.0,,,0.0,0.0,0.0,0.0,0.0,0.0,0.0,0.0,0.0,2026-07-20T09:58:01+00:00
P005985,"JAMES, MIKE",MCO,Guard,34.336666666666666,16.4,13.6,available,1.0,,,0.0,0.0,0.0,0.0,0.0,0.0,0.0,0.0,0.0,2026-07-20T09:58:01+00:00
P006591,"NTILIKINA, FRANK",OLY;PAR,Forward,0.0,0.0,,available,1.0,,,0.0,0.0,0.0,0.0,0.0,0.0,0.0,0.0,0,2026-07-20T09:58:01+00:00
P006643,"PUERTO, JOSEP",PAM,Forward,11.946666666666667,3.6,3.4,available,1.0,,,0.0,0.0,0.0,0.0,0.0,0.0,0.0,0.0,0.0,2026-07-20T09:58:01+00:00
P006739,"PAJOLA, ALESSANDRO",VIR,Guard,20.096666666666668,4.0,6.2,available,1.0,,,0.0,0.0,0.0,0.0,0.0,0.0,0.0,0.0,0.0,2026-07-20T09:58:01+00:00
P006760,"BONGA, ISAAC",PAR,Forward,27.64666666666667,7.2,10.0,available,1.0,,,0.0,0.0,0.0,0.0,0.0,0.0,0.0,0.0,0.0,2026-07-20T09:58:01+00:00
P006835,"HOARD, JAYLEN",TEL,Forward,0.0,0.0,,available,1.0,,,0.0,0.0,0.0,0.0,0.0,0.0,0.0,0.0,0,2026-07-20T09:58:01+00:00
P006961,"BIBEROVIC, TARIK",ULK,Forward,20.323333333333334,8.0,8.2,available,1.0,,,0.0,0.0,0.0,0.0,0.0,0.0,0.0,0.0,0.0,2026-07-20T09:58:01+00:00
P007027,"MALEDON, THEO",MAD,Guard,22.216666666666665,13.0,14.0,available,1.0,,,0.0,0.0,0.0,0.0,0.0,0.0,0.0,0.0,0.0,2026-07-20T09:58:01+00:00
P007029,"SIRVYDIS, DEIVIDAS",ZAL,Forward,12.0,8.0,5.0,available,1.0,,,0.0,0.0,0.0,0.0,0.0,0.0,0.0,0.0,0.0,2026-07-20T09:58:01+00:00
P007032,"LO, MAODO",ZAL,Guard,16.456666666666667,6.8,6.4,available,1.0,,,0.0,0.0,0.0,0.0,0.0,0.0,0.0,0.0,0.0,2026-07-20T09:58:01+00:00
P007056,"BOOKER, DEVIN",MIL,Forward,25.243333333333332,11.6,11.4,available,1.0,,,0.0,0.0,0.0,0.0,0.0,0.0,0.0,0.0,0.0,2026-07-20T09:58:01+00:00
P007109,"SMITS, ROLANDS",IST,Forward,12.42,3.8,2.0,available,1.0,,,0.0,0.0,0.0,0.0,0.0,0.0,0.0,0.0,0.0,2026-07-20T09:58:01+00:00
P007182,"BIRCH, KHEM",ULK,Forward,13.722222222222221,4.0,4.0,available,1.0,,,0.0,0.0,0.0,0.0,0.0,0.0,0.0,0.0,0.0,2026-07-20T09:58:01+00:00
P007464,"PARRA, JOEL",BAR,Forward,14.690000000000001,5.4,3.8,available,1.0,,,0.0,0.0,0.0,0.0,0.0,0.0,0.0,0.0,0.0,2026-07-20T09:58:01+00:00
P007527,"BADIO, BRANCOU",PAM,Forward,16.566666666666666,12.0,12.0,available,1.0,,,0.0,0.0,0.0,0.0,0.0,0.0,0.0,0.0,0.0,2026-07-20T09:58:01+00:00
P007630,"GARUBA, USMAN",MAD,Guard,4.633333333333333,1.0,-1.0,available,1.0,,,0.0,0.0,0.0,0.0,0.0,0.0,0.0,0.0,0.0,2026-07-20T09:58:01+00:00
P007736,"LAKIC, ARIJAN",PAR,Forward,7.983333333333333,3.0,1.0,available,1.0,,,0.0,0.0,0.0,0.0,0.0,0.0,0.0,0.0,0.0,2026-07-20T09:58:01+00:00
P007831,"SHIELDS, SHAVON",MIL,Forward,29.53,12.8,12.2,available,1.0,,,0.0,0.0,0.0,0.0,0.0,0.0,0.0,0.0,0.0,2026-07-20T09:58:01+00:00
P007853,"MCKISSIC, SHAQUIELLE",OLY,Forward,20.39666666666667,10.6,13.6,available,1.0,,,0.0,0.0,0.0,0.0,0.0,0.0,0.0,0.0,0.0,2026-07-20T09:58:01+00:00
P007866,"MITOGLOU, KONSTANTINOS",PAN,Forward,25.883333333333333,7.2,8.6,available,1.0,,,0.0,0.0,0.0,0.0,0.0,0.0,0.0,0.0,0.0,2026-07-20T09:58:01+00:00
P007929,"BITIM, ONURALP",ULK,Guard,17.616666666666667,5.0,3.5,available,1.0,,,0.0,0.0,0.0,0.0,0.0,0.0,0.0,0.0,0.0,2026-07-20T09:58:01+00:00
P007947,"VILDOZA, LUCA",VIR,Forward,11.816666666666666,3.6,6.2,available,1.0,,,0.0,0.0,0.0,0.0,0.0,0.0,0.0,0.0,0.0,2026-07-20T09:58:01+00:00
P007975,"FRANCISCO, SYLVAIN",ZAL,Guard,19.436666666666667,8.4,8.4,available,1.0,,,0.0,0.0,0.0,0.0,0.0,0.0,0.0,0.0,0.0,2026-07-20T09:58:01+00:00
P007982,"WILLIAMS-GOSS, NIGEL",ZAL,Guard,27.35333333333333,12.0,8.4,available,1.0,,,0.0,0.0,0.0,0.0,0.0,0.0,0.0,0.0,0.0,2026-07-20T09:58:01+00:00
P007990,"DIBARTOLOMEO, JOHN",TEL,Forward,14.373333333333331,5.0,3.6,available,1.0,,,0.0,0.0,0.0,0.0,0.0,0.0,0.0,0.0,0.0,2026-07-20T09:58:01+00:00
P007993,"M'BAYE, AMATH",PRS,Center,16.783333333333335,8.0,6.0,available,1.0,,,0.0,0.0,0.0,0.0,0.0,0.0,0.0,0.0,0.0,2026-07-20T09:58:01+00:00
P008072,"DIOP, KHALIFA",BAS,Forward,8.08,3.6,5.0,available,1.0,,,0.0,0.0,0.0,0.0,0.0,0.0,0.0,0.0,0.0,2026-07-20T09:58:01+00:00
P008099,"STRAZEL, MATTHEW",MCO,Guard,21.086666666666666,7.4,10.6,available,1.0,,,0.0,0.0,0.0,0.0,0.0,0.0,0.0,0.0,0.0,2026-07-20T09:58:01+00:00
P008173,"SPAGNOLO, MATTEO",BAS,Guard,18.166666666666668,9.4,7.2,available,1.0,,,0.0,0.0,0.0,0.0,0.0,0.0,0.0,0.0,0.0,2026-07-20T09:58:01+00:00
P008192,"TUBELIS, AZUOLAS",ZAL,Forward,0.0,0.0,,available,1.0,,,0.0,0.0,0.0,0.0,0.0,0.0,0.0,0.0,0,2026-07-20T09:58:01+00:00
P008232,"POKUSEVSKI, ALEKSEJ",PAR,Center,17.822222222222223,2.6666666666666665,6.333333333333333,available,1.0,,,0.0,0.0,0.0,0.0,0.0,0.0,0.0,0.0,0.0,2026-07-20T09:58:01+00:00
P008325,"KAMENJAS, KENAN",DUB,Forward,8.6,4.0,1.0,available,1.0,,,0.0,0.0,0.0,0.0,0.0,0.0,0.0,0.0,0.0,2026-07-20T09:58:01+00:00
P008829,"PETERS, ALEC",OLY,Forward,21.75,8.4,14.8,available,1.0,,,0.0,0.0,0.0,0.0,0.0,0.0,0.0,0.0,0.0,2026-07-20T09:58:01+00:00
P008855,"WALKUP, THOMAS",OLY,Guard,22.029999999999998,6.0,3.0,available,1.0,,,0.0,0.0,0.0,0.0,0.0,0.0,0.0,0.0,0.0,2026-07-20T09:58:01+00:00
P008985,"BOLMARO, LEANDRO",MIL,Guard,19.35,8.0,8.6,available,1.0,,,0.0,0.0,0.0,0.0,0.0,0.0,0.0,0.0,0.0,2026-07-20T09:58:01+00:00
P008987,"LEDAY, ZACH",MIL,Forward,31.98333333333333,14.2,16.0,available,1.0,,,0.0,0.0,0.0,0.0,0.0,0.0,0.0,0.0,0.0,2026-07-20T09:58:01+00:00
P009005,"DECK, GABRIEL",MAD,Forward,21.71333333333333,7.8,9.2,available,1.0,,,0.0,0.0,0.0,0.0,0.0,0.0,0.0,0.0,0.0,2026-07-20T09:58:01+00:00
P009048,"MILLER-MCINTYRE, CODI",RED,Guard,28.330000000000002,10.6,12.6,available,1.0,,,0.0,0.0,0.0,0.0,0.0,0.0,0.0,0.0,0.0,2026-07-20T09:58:01+00:00
P009513,"HOLLATZ, JUSTUS",MUN,Forward,16.10333333333333,3.6,5.0,available,1.0,,,0.0,0.0,0.0,0.0,0.0,0.0,0.0,0.0,0.0,2026-07-20T09:58:01+00:00
P009549,"CORDINIER, ISAIA",IST,Forward,17.313333333333333,6.4,5.2,available,1.0,,,0.0,0.0,0.0,0.0,0.0,0.0,0.0,0.0,0.0,2026-07-20T09:58:01+00:00
P009664,"WILLIS, DEREK",PRS,Forward,17.14,6.8,7.2,available,1.0,,,0.0,0.0,0.0,0.0,0.0,0.0,0.0,0.0,0.0,2026-07-20T09:58:01+00:00
P009754,"LOYD, JORDAN",IST,Forward,24.063333333333333,9.0,7.6,available,1.0,,,0.0,0.0,0.0,0.0,0.0,0.0,0.0,0.0,0.0,2026-07-20T09:58:01+00:00
P009783,"COLSON, BONZIE",ULK,Forward,22.04,10.4,6.0,available,1.0,,,0.0,0.0,0.0,0.0,0.0,0.0,0.0,0.0,0.0,2026-07-20T09:58:01+00:00
P009846,"BRYANT, ELIJAH",HTA,Forward,22.736666666666668,12.6,13.8,available,1.0,,,0.0,0.0,0.0,0.0,0.0,0.0,0.0,0.0,0.0,2026-07-20T09:58:01+00:00
P009849,"DORSEY, TYLER",OLY,Forward,15.393333333333334,8.4,2.6,available,1.0,,,0.0,0.0,0.0,0.0,0.0,0.0,0.0,0.0,0.0,2026-07-20T09:58:01+00:00
P009862,"PUNTER, KEVIN",BAR,Forward,30.926666666666666,15.8,18.2,available,1.0,,,0.0,0.0,0.0,0.0,0.0,0.0,0.0,0.0,0.0,2026-07-20T09:58:01+00:00
P009863,"BALDWIN IV, WADE",ULK,Guard,22.02,13.0,14.4,available,1.0,,,0.0,0.0,0.0,0.0,0.0,0.0,0.0,0.0,0.0,2026-07-20T09:58:01+00:00
P009948,"MARCOS, JUANI",BAR,Guard,8.825000000000001,3.5,2.5,available,1.0,,,0.0,0.0,0.0,0.0,0.0,0.0,0.0,0.0,0.0,2026-07-20T09:58:01+00:00
P009992,"BRIZUELA, DARIO",BAR,Guard,13.173333333333336,8.0,5.0,available,1.0,,,0.0,0.0,0.0,0.0,0.0,0.0,0.0,0.0,0.0,2026-07-20T09:58:01+00:00
P010035,"VILLAR, RAFA",BAS,Forward,0.0,0.0,,available,1.0,,,0.0,0.0,0.0,0.0,0.0,0.0,0.0,0.0,0,2026-07-20T09:58:01+00:00
P010042,"MONTERO, JEAN",PAM,Guard,21.933333333333334,12.0,9.0,available,1.0,,,0.0,0.0,0.0,0.0,0.0,0.0,0.0,0.0,0.0,2026-07-20T09:58:01+00:00
P010316,"AJINCA, MELVIN",ASV,Forward,18.75,9.5,11.5,available,1.0,,,0.0,0.0,0.0,0.0,0.0,0.0,0.0,0.0,0.0,2026-07-20T09:58:01+00:00
P010319,"TRAORE, ARMEL",ASV,Center,19.583333333333332,5.0,4.0,available,1.0,,,0.0,0.0,0.0,0.0,0.0,0.0,0.0,0.0,0.0,2026-07-20T09:58:01+00:00
P010390,"HAYES, KEVARRIUS",MCO,Center,19.523333333333333,5.6,5.6,available,1.0,,,0.0,0.0,0.0,0.0,0.0,0.0,0.0,0.0,0.0,2026-07-20T09:58:01+00:00
P010391,"WEILER-BABB, NICK",IST,Forward,19.613333333333333,5.2,7.0,available,1.0,,,0.0,0.0,0.0,0.0,0.0,0.0,0.0,0.0,0.0,2026-07-20T09:58:01+00:00
P010393,"PRADILLA, JAIME",PAM,Forward,17.446666666666665,3.2,3.4,available,1.0,,,0.0,0.0,0.0,0.0,0.0,0.0,0.0,0.0,0.0,2026-07-20T09:58:01+00:00
P010431,"MORGAN, JEREMY",PRS,Forward,14.833333333333334,3.0,0.0,available,1.0,,,0.0,0.0,0.0,0.0,0.0,0.0,0.0,0.0,0.0,2026-07-20T09:58:01+00:00
P010444,"COSTELLO, MATTHEW",PAM,Center,24.276666666666664,11.2,13.8,available,1.0,,,0.0,0.0,0.0,0.0,0.0,0.0,0.0,0.0,0.0,2026-07-20T09:58:01+00:00
P010545,"SAKO, NEAL",PAM,Center,13.366666666666667,3.0,4.0,available,1.0,,,0.0,0.0,0.0,0.0,0.0,0.0,0.0,0.0,0.0,2026-07-20T09:58:01+00:00
P010568,"JONES, CHRIS",HTA,Guard,23.946666666666665,12.4,13.4,available,1.0,,,0.0,0.0,0.0,0.0,0.0,0.0,0.0,0.0,0.0,2026-07-20T09:58:01+00:00
P010581,"OSETKOWSKI, DYLAN",PAR,Forward,20.375,5.0,7.5,available,1.0,,,0.0,0.0,0.0,0.0,0.0,0.0,0.0,0.0,0.0,2026-07-20T09:58:01+00:00
P010750,"DE LARREA, SERGIO",PAM,Center,16.533333333333335,3.0,-2.0,available,1.0,,,0.0,0.0,0.0,0.0,0.0,0.0,0.0,0.0,0.0,2026-07-20T09:58:01+00:00
P011051,"SMAILAGIC, ALEN",VIR,Forward,11.35,1.8,2.2,available,1.0,,,0.0,0.0,0.0,0.0,0.0,0.0,0.0,0.0,0.0,2026-07-20T09:58:01+00:00
P011078,"THOMPSON, DARIUS",PAM,Guard,24.31666666666667,7.0,10.0,available,1.0,,,0.0,0.0,0.0,0.0,0.0,0.0,0.0,0.0,0.0,2026-07-20T09:58:01+00:00
P011085,"ROGKAVOPOULOS, NIKOLAOS",PAN,Forward,20.03666666666667,8.4,12.6,available,1.0,,,0.0,0.0,0.0,0.0,0.0,0.0,0.0,0.0,0.0,2026-07-20T09:58:01+00:00
P011157,"MOTLEY, JOHNATHAN",HTA,Forward,11.739999999999998,7.6,11.8,available,1.0,,,0.0,0.0,0.0,0.0,0.0,0.0,0.0,0.0,0.0,2026-07-20T09:58:01+00:00
P011193,"BLATT, TAMIR",TEL,Guard,22.43,8.2,8.4,available,1.0,,,0.0,0.0,0.0,0.0,0.0,0.0,0.0,0.0,0.0,2026-07-20T09:58:01+00:00
P011194,"PETRUSEV, FILIP",DUB,Forward,23.083333333333332,13.6,16.0,available,1.0,,,0.0,0.0,0.0,0.0,0.0,0.0,0.0,0.0,0.0,2026-07-20T09:58:01+00:00
P011196,"HALL, DONTA",OLY,Forward,16.55,6.0,11.0,available,1.0,,,0.0,0.0,0.0,0.0,0.0,0.0,0.0,0.0,0.0,2026-07-20T09:58:01+00:00
P011199,"NEBO, JOSH",MIL,Center,26.369999999999997,10.8,17.2,available,1.0,,,0.0,0.0,0.0,0.0,0.0,0.0,0.0,0.0,0.0,2026-07-20T09:58:01+00:00
P011201,"HAZER, SEHMUS",IST,Forward,6.7700000000000005,1.6,0.0,available,1.0,,,0.0,0.0,0.0,0.0,0.0,0.0,0.0,0.0,0.0,2026-07-20T09:58:01+00:00
P011204,"GRANT, JERIAN",PAN,Guard,21.153333333333332,6.6,11.8,available,1.0,,,0.0,0.0,0.0,0.0,0.0,0.0,0.0,0.0,0.0,2026-07-20T09:58:01+00:00
P011205,"HALL, DEVON",ULK,Forward,24.686666666666667,7.8,7.2,available,1.0,,,0.0,0.0,0.0,0.0,0.0,0.0,0.0,0.0,0.0,2026-07-20T09:58:01+00:00
P011209,"KALAITZAKIS, PANAGIOTIS",PAN,Forward,8.556666666666667,1.8,4.2,available,1.0,,,0.0,0.0,0.0,0.0,0.0,0.0,0.0,0.0,0.0,2026-07-20T09:58:01+00:00
P011212,"OKOBO, ELIE",MCO,Guard,26.53333333333333,12.8,13.2,available,1.0,,,0.0,0.0,0.0,0.0,0.0,0.0,0.0,0.0,0.0,2026-07-20T09:58:01+00:00
P011217,"TAYLOR, KAMERON",PAM,Forward,25.05,13.0,17.0,available,1.0,,,0.0,0.0,0.0,0.0,0.0,0.0,0.0,0.0,0.0,2026-07-20T09:58:01+00:00
P011219,"SORKIN, ROMAN",TEL,Forward,8.693333333333333,3.8,3.8,available,1.0,,,0.0,0.0,0.0,0.0,0.0,0.0,0.0,0.0,0.0,2026-07-20T09:58:01+00:00
P011226,"DIALLO, ALPHA",MCO,Forward,27.416666666666668,10.0,13.2,available,1.0,,,0.0,0.0,0.0,0.0,0.0,0.0,0.0,0.0,0.0,2026-07-20T09:58:01+00:00
P011231,"BLOSSOMGAME, JARON",MCO,Forward,27.903333333333336,9.6,12.8,available,1.0,,,0.0,0.0,0.0,0.0,0.0,0.0,0.0,0.0,0.0,2026-07-20T09:58:01+00:00
P011244,"DA SILVA, OSCAR",MUN,Forward,18.063333333333333,5.2,6.8,available,1.0,,,0.0,0.0,0.0,0.0,0.0,0.0,0.0,0.0,0.0,2026-07-20T09:58:01+00:00
P011247,"FELIZ, ANDRES",MAD,Guard,11.633333333333333,1.0,-1.0,available,1.0,,,0.0,0.0,0.0,0.0,0.0,0.0,0.0,0.0,0.0,2026-07-20T09:58:01+00:00
P011284,"FARIED, KENNETH",PAN,Center,20.3,8.0,20.5,available,1.0,,,0.0,0.0,0.0,0.0,0.0,0.0,0.0,0.0,0.0,2026-07-20T09:58:01+00:00
P011286,"BACON, DWAYNE",DUB,Guard,34.266666666666666,19.5,24.5,available,1.0,,,0.0,0.0,0.0,0.0,0.0,0.0,0.0,0.0,0.0,2026-07-20T09:58:01+00:00
P011816,"AKELE, NICOLA",VIR,Forward,0.0,0.0,,available,1.0,,,0.0,0.0,0.0,0.0,0.0,0.0,0.0,0.0,0,2026-07-20T09:58:01+00:00
P011823,"ODIASE, TAI",HTA,Forward,0.0,0.0,,available,1.0,,,0.0,0.0,0.0,0.0,0.0,0.0,0.0,0.0,0,2026-07-20T09:58:01+00:00
P011836,"MIKE, ISIAHA",MUN,Forward,16.01111111111111,6.666666666666667,8.333333333333334,available,1.0,,,0.0,0.0,0.0,0.0,0.0,0.0,0.0,0.0,0.0,2026-07-20T09:58:01+00:00
P011927,"SLEVA, DUSTIN",ZAL,Forward,0.0,0.0,,available,1.0,,,0.0,0.0,0.0,0.0,0.0,0.0,0.0,0.0,0,2026-07-20T09:58:01+00:00
P011981,"JONES, TYRIQUE",OLY,Forward,16.136666666666667,8.4,10.0,available,1.0,,,0.0,0.0,0.0,0.0,0.0,0.0,0.0,0.0,0.0,2026-07-20T09:58:01+00:00
P011982,"OJELEYE, SEMI",RED,Forward,19.936666666666667,10.0,8.6,available,1.0,,,0.0,0.0,0.0,0.0,0.0,0.0,0.0,0.0,0.0,2026-07-20T09:58:01+00:00
P011983,"BRAZDEIKIS, IGNAS",ZAL,Forward,8.2,4.6,1.8,available,1.0,,,0.0,0.0,0.0,0.0,0.0,0.0,0.0,0.0,0.0,2026-07-20T09:58:01+00:00
P011987,"EDWARDS, CARSEN",VIR,Guard,25.889999999999997,12.6,8.8,available,1.0,,,0.0,0.0,0.0,0.0,0.0,0.0,0.0,0.0,0.0,2026-07-20T09:58:01+00:00
P012044,"DOS SANTOS, YAGO",RED,Guard,18.82,6.8,4.2,available,1.0,,,0.0,0.0,0.0,0.0,0.0,0.0,0.0,0.0,0.0,2026-07-20T09:58:01+00:00
P012080,"LUWAWU-CABARROT, TIMOTHE",BAS,Forward,25.72,11.6,14.4,available,1.0,,,0.0,0.0,0.0,0.0,0.0,0.0,0.0,0.0,0.0,2026-07-20T09:58:01+00:00
P012201,"MONEKE, CHIMA",RED,Forward,22.706666666666667,8.4,11.0,available,1.0,,,0.0,0.0,0.0,0.0,0.0,0.0,0.0,0.0,0.0,2026-07-20T09:58:01+00:00
P012403,"FAYE, MOUHAMED",PRS,Forward,10.933333333333334,1.0,3.0,available,1.0,,,0.0,0.0,0.0,0.0,0.0,0.0,0.0,0.0,0.0,2026-07-20T09:58:01+00:00
P012515,"TARPEY, TERRY",MCO,Forward,13.466666666666665,2.8,1.6,available,1.0,,,0.0,0.0,0.0,0.0,0.0,0.0,0.0,0.0,0.0,2026-07-20T09:58:01+00:00
P012585,"MORGAN, MATTHEW",VIR,Forward,0.0,0.0,,available,1.0,,,0.0,0.0,0.0,0.0,0.0,0.0,0.0,0.0,0,2026-07-20T09:58:01+00:00
P012593,"ELLIS, QUINN",MIL,Forward,0.0,0.0,,available,1.0,,,0.0,0.0,0.0,0.0,0.0,0.0,0.0,0.0,0,2026-07-20T09:58:01+00:00
P012606,"WRIGHT IV, MCKINLEY",DUB,Guard,31.644444444444442,9.333333333333334,14.0,available,1.0,,,0.0,0.0,0.0,0.0,0.0,0.0,0.0,0.0,0.0,2026-07-20T09:58:01+00:00
P012608,"SHORTS, TJ",PAN,Guard,23.166666666666664,16.6,18.0,available,1.0,,,0.0,0.0,0.0,0.0,0.0,0.0,0.0,0.0,0.0,2026-07-20T09:58:01+00:00
P012609,"MALCOLM, COLLIN",HTA,Forward,18.65,8.666666666666666,8.333333333333334,available,1.0,,,0.0,0.0,0.0,0.0,0.0,0.0,0.0,0.0,0.0,2026-07-20T09:58:01+00:00
P012610,"WARD, TYSON",OLY,Forward,25.15416666666667,8.0,9.0,available,1.0,,,0.0,0.0,0.0,0.0,0.0,0.0,0.0,0.0,0.0,2026-07-20T09:58:01+00:00
P012611,"HERRERA, SEBASTIAN",PRS,Guard,17.75,8.0,-4.0,available,1.0,,,0.0,0.0,0.0,0.0,0.0,0.0,0.0,0.0,0.0,2026-07-20T09:58:01+00:00
P012613,"JANTUNEN, MIKAEL",ULK,Forward,24.054166666666667,7.5,10.75,available,1.0,,,0.0,0.0,0.0,0.0,0.0,0.0,0.0,0.0,0.0,2026-07-20T09:58:01+00:00
P012618,"MASSA, BODIAN",ASV,Center,25.983333333333334,10.0,11.0,available,1.0,,,0.0,0.0,0.0,0.0,0.0,0.0,0.0,0.0,0.0,2026-07-20T09:58:01+00:00
P012640,"HIFI, NADIR",PRS,Forward,18.995833333333334,12.5,14.25,available,1.0,,,0.0,0.0,0.0,0.0,0.0,0.0,0.0,0.0,0.0,2026-07-20T09:58:01+00:00
P012687,"NIANG, SALIOU",VIR,Forward,0.0,0.0,,available,1.0,,,0.0,0.0,0.0,0.0,0.0,0.0,0.0,0.0,0,2026-07-20T09:58:01+00:00
P012710,"OSMANI, ERCAN",IST,Forward,16.060000000000002,6.2,10.6,available,1.0,,,0.0,0.0,0.0,0.0,0.0,0.0,0.0,0.0,0.0,2026-07-20T09:58:01+00:00
P012712,"HERNANGOMEZ, JUANCHO",PAN,Forward,15.593333333333334,7.4,7.4,available,1.0,,,0.0,0.0,0.0,0.0,0.0,0.0,0.0,0.0,0.0,2026-07-20T09:58:01+00:00
P012720,"BROWN, STERLING",PAR,Forward,28.496666666666663,12.6,14.0,available,1.0,,,0.0,0.0,0.0,0.0,0.0,0.0,0.0,0.0,0.0,2026-07-20T09:58:01+00:00
P012731,"NDIAYE, MBAYE",ASV,Center,16.27,4.4,3.0,available,1.0,,,0.0,0.0,0.0,0.0,0.0,0.0,0.0,0.0,0.0,2026-07-20T09:58:01+00:00
P012738,"REUVERS, NATHAN",PAM,Forward,13.5,5.6,2.4,available,1.0,,,0.0,0.0,0.0,0.0,0.0,0.0,0.0,0.0,0.0,2026-07-20T09:58:01+00:00
P012742,"DOZIER, PJ",IST,Forward,20.076666666666664,10.0,8.8,available,1.0,,,0.0,0.0,0.0,0.0,0.0,0.0,0.0,0.0,0.0,2026-07-20T09:58:01+00:00
P012774,"NUNN, KENDRICK",PAN,Guard,32.81333333333333,19.0,19.2,available,1.0,,,0.0,0.0,0.0,0.0,0.0,0.0,0.0,0.0,0.0,2026-07-20T09:58:01+00:00
P012788,"OTURU, DAN",HTA,Center,15.743333333333334,6.6,8.2,available,1.0,,,0.0,0.0,0.0,0.0,0.0,0.0,0.0,0.0,0.0,2026-07-20T09:58:01+00:00
P012795,"ANDERSON, JUSTIN",DUB,Forward,18.636666666666667,4.4,4.0,available,1.0,,,0.0,0.0,0.0,0.0,0.0,0.0,0.0,0.0,0.0,2026-07-20T09:58:01+00:00
P012796,"KABENGELE, MFIONDU",DUB,Forward,29.28333333333333,16.333333333333332,24.0,available,1.0,,,0.0,0.0,0.0,0.0,0.0,0.0,0.0,0.0,0.0,2026-07-20T09:58:01+00:00
P012878,"WRIGHT, MOSES",ZAL,Forward,10.709999999999999,6.0,9.6,available,1.0,,,0.0,0.0,0.0,0.0,0.0,0.0,0.0,0.0,0.0,2026-07-20T09:58:01+00:00
P013269,"CALE, MYLES",BAR,Forward,15.666666666666668,3.5,6.0,available,1.0,,,0.0,0.0,0.0,0.0,0.0,0.0,0.0,0.0,0.0,2026-07-20T09:58:01+00:00
P013284,"WAINRIGHT, ISH",HTA,Forward,0.0,0.0,,available,1.0,,,0.0,0.0,0.0,0.0,0.0,0.0,0.0,0.0,0,2026-07-20T09:58:01+00:00
P013289,"SANTOS, MARCIO",TEL,Forward,0.0,0.0,,available,1.0,,,0.0,0.0,0.0,0.0,0.0,0.0,0.0,0.0,0,2026-07-20T09:58:01+00:00
P013290,"JESSUP, JUSTINIAN",MUN,Forward,17.1,6.0,1.5,available,1.0,,,0.0,0.0,0.0,0.0,0.0,0.0,0.0,0.0,0.0,2026-07-20T09:58:01+00:00
P013363,"NWORA, JORDAN",RED,Forward,20.876666666666665,10.4,9.8,available,1.0,,,0.0,0.0,0.0,0.0,0.0,0.0,0.0,0.0,0.0,2026-07-20T09:58:01+00:00
P013367,"FORREST, TRENT",BAS,Guard,24.183333333333334,6.0,14.0,available,1.0,,,0.0,0.0,0.0,0.0,0.0,0.0,0.0,0.0,0.0,2026-07-20T09:58:01+00:00
P013371,"HARRISON, SHAQUILLE",ASV,Forward,24.241666666666667,11.5,6.0,available,1.0,,,0.0,0.0,0.0,0.0,0.0,0.0,0.0,0.0,0.0,2026-07-20T09:58:01+00:00
P013373,"CAVALIERE, LEOPOLD",PRS,Forward,12.466666666666667,3.0,9.75,available,1.0,,,0.0,0.0,0.0,0.0,0.0,0.0,0.0,0.0,0.0,2026-07-20T09:58:01+00:00
P013374,"DIOUF, MOUHAMET",VIR,Forward,0.0,0.0,,available,1.0,,,0.0,0.0,0.0,0.0,0.0,0.0,0.0,0.0,0,2026-07-20T09:58:01+00:00
P013378,"RATHAN-MAYES, XAVIER",MUN,Forward,14.233333333333334,9.333333333333334,3.6666666666666665,available,1.0,,,0.0,0.0,0.0,0.0,0.0,0.0,0.0,0.0,0.0,2026-07-20T09:58:01+00:00
P013380,"FOURNIER, EVAN",OLY,Guard,22.75,17.0,12.0,available,1.0,,,0.0,0.0,0.0,0.0,0.0,0.0,0.0,0.0,0.0,2026-07-20T09:58:01+00:00
P013381,"RAYMAN, WILLIAM",TEL,Forward,0.0,0.0,,available,1.0,,,0.0,0.0,0.0,0.0,0.0,0.0,0.0,0.0,0,2026-07-20T09:58:01+00:00
P013383,"GABRIEL, WENYEN",MUN,Forward,18.75,8.5,3.5,available,1.0,,,0.0,0.0,0.0,0.0,0.0,0.0,0.0,0.0,0.0,2026-07-20T09:58:01+00:00
P013384,"BROOKS, ARMONI",MIL,Forward,0.0,0.0,,available,1.0,,,0.0,0.0,0.0,0.0,0.0,0.0,0.0,0.0,0,2026-07-20T09:58:01+00:00
P013386,"MCCORMACK, DAVID",MUN,Center,21.688888888888886,8.0,10.666666666666666,available,1.0,,,0.0,0.0,0.0,0.0,0.0,0.0,0.0,0.0,0.0,2026-07-20T09:58:01+00:00
P013389,"LEE, SABEN",OLY;IST,Forward,0.0,0.0,,available,1.0,,,0.0,0.0,0.0,0.0,0.0,0.0,0.0,0.0,0,2026-07-20T09:58:01+00:00
P013402,"BLAKENEY, ANTONIO",HTA,Forward,0.0,0.0,,available,1.0,,,0.0,0.0,0.0,0.0,0.0,0.0,0.0,0.0,0,2026-07-20T09:58:01+00:00
P013403,"WALKER IV, LONNIE",TEL,Forward,0.0,0.0,,available,1.0,,,0.0,0.0,0.0,0.0,0.0,0.0,0.0,0.0,0,2026-07-20T09:58:01+00:00
P013667,"FERNANDO, BRUNO",PAR,Forward,22.40833333333333,9.5,11.0,available,1.0,,,0.0,0.0,0.0,0.0,0.0,0.0,0.0,0.0,0.0,2026-07-20T09:58:01+00:00
P013699,"CLARK III, JIMMY",TEL,Forward,0.0,0.0,,available,1.0,,,0.0,0.0,0.0,0.0,0.0,0.0,0.0,0.0,0,2026-07-20T09:58:01+00:00
P014005,"ALSTON JR. , DERRICK",VIR,Forward,0.0,0.0,,available,1.0,,,0.0,0.0,0.0,0.0,0.0,0.0,0.0,0.0,0,2026-07-20T09:58:01+00:00
P014006,"OKEKE, CHUMA",MAD,Forward,0.0,0.0,,available,1.0,,,0.0,0.0,0.0,0.0,0.0,0.0,0.0,0.0,0,2026-07-20T09:58:01+00:00
P014008,"ROBINSON, JUSTIN",PRS,Forward,20.233333333333334,20.0,15.0,available,1.0,,,0.0,0.0,0.0,0.0,0.0,0.0,0.0,0.0,0.0,2026-07-20T09:58:01+00:00
P014010,"DOKOSSI, ALLAN",PRS,Forward,17.416666666666668,2.0,11.0,available,1.0,,,0.0,0.0,0.0,0.0,0.0,0.0,0.0,0.0,0.0,2026-07-20T09:58:01+00:00
P014012,"LEAF, TJ",TEL,Forward,0.0,0.0,,available,1.0,,,0.0,0.0,0.0,0.0,0.0,0.0,0.0,0.0,0,2026-07-20T09:58:01+00:00
P014013,"WATSON, GLYNN",ASV,Forward,22.116666666666667,7.0,-1.0,available,1.0,,,0.0,0.0,0.0,0.0,0.0,0.0,0.0,0.0,0.0,2026-07-20T09:58:01+00:00
P014014,"VAUTIER, BASTIEN",ASV,Forward,8.233333333333333,10.0,4.0,available,1.0,,,0.0,0.0,0.0,0.0,0.0,0.0,0.0,0.0,0.0,2026-07-20T09:58:01+00:00
P014015,"BACOT JR., ARMANDO",ULK,Forward,13.983333333333333,2.0,6.0,available,1.0,,,0.0,0.0,0.0,0.0,0.0,0.0,0.0,0.0,0.0,2026-07-20T09:58:01+00:00
P014016,"BOSTON JR., BRANDON",ULK,Forward,8.7,4.0,6.0,available,1.0,,,0.0,0.0,0.0,0.0,0.0,0.0,0.0,0.0,0.0,2026-07-20T09:58:01+00:00
P014025,"SWIDER, COLE",IST,Forward,0.0,0.0,,available,1.0,,,0.0,0.0,0.0,0.0,0.0,0.0,0.0,0.0,0,2026-07-20T09:58:01+00:00
P014026,"FRISCH, CLEMENT",BAS,Forward,0.0,0.0,,available,1.0,,,0.0,0.0,0.0,0.0,0.0,0.0,0.0,0.0,0,2026-07-20T09:58:01+00:00
P014027,"DIAKITE, MAMADI",BAS,Forward,0.0,0.0,,available,1.0,,,0.0,0.0,0.0,0.0,0.0,0.0,0.0,0.0,0,2026-07-20T09:58:01+00:00
P014029,"IZUNDU, EBUKA",RED,Center,13.85,6.0,6.0,available,1.0,,,0.0,0.0,0.0,0.0,0.0,0.0,0.0,0.0,0.0,2026-07-20T09:58:01+00:00
P014088,"SELJAAS, ZACHARY",ASV,Forward,0.0,0.0,,available,1.0,,,0.0,0.0,0.0,0.0,0.0,0.0,0.0,0.0,0,2026-07-20T09:58:01+00:00
P014102,"JONES, KAI",IST,Forward,0.0,0.0,,available,1.0,,,0.0,0.0,0.0,0.0,0.0,0.0,0.0,0.0,0,2026-07-20T09:58:01+00:00
P014108,"DIARRA, ALIOU",VIR,Forward,0.0,0.0,,available,1.0,,,0.0,0.0,0.0,0.0,0.0,0.0,0.0,0.0,0,2026-07-20T09:58:01+00:00
P014115,"MOORE, OMARI",PAM,Guard,20.9,6.0,10.0,available,1.0,,,0.0,0.0,0.0,0.0,0.0,0.0,0.0,0.0,0.0,2026-07-20T09:58:01+00:00
P014117,"LYLES, TREY",MAD,Forward,0.0,0.0,,available,1.0,,,0.0,0.0,0.0,0.0,0.0,0.0,0.0,0.0,0,2026-07-20T09:58:01+00:00
P014119,"NOWELL, MARKQUIS",BAS,Forward,0.0,0.0,,available,1.0,,,0.0,0.0,0.0,0.0,0.0,0.0,0.0,0.0,0,2026-07-20T09:58:01+00:00
P014124,"HORTON TUCKER, TALEN",ULK,Guard,20.066666666666666,17.0,16.0,available,1.0,,,0.0,0.0,0.0,0.0,0.0,0.0,0.0,0.0,0.0,2026-07-20T09:58:01+00:00
P014127,"BRISSETT, O'SHAE J",TEL,Forward,0.0,0.0,,available,1.0,,,0.0,0.0,0.0,0.0,0.0,0.0,0.0,0.0,0,2026-07-20T09:58:01+00:00
P014134,"NORRIS, MILES",BAR,Forward,8.766666666666666,3.5,2.5,available,1.0,,,0.0,0.0,0.0,0.0,0.0,0.0,0.0,0.0,0.0,2026-07-20T09:58:01+00:00
P014152,"SIMMONS, KOBI",BAS,Forward,0.0,0.0,,available,1.0,,,0.0,0.0,0.0,0.0,0.0,0.0,0.0,0.0,0,2026-07-20T09:58:01+00:00
P014163,"BUTLER, JARED",RED,Forward,20.46666666666667,9.0,1.0,available,1.0,,,0.0,0.0,0.0,0.0,0.0,0.0,0.0,0.0,0.0,2026-07-20T09:58:01+00:00
P014168,"KEY, BRAXTON",PAM,Center,11.233333333333333,4.0,4.0,available,1.0,,,0.0,0.0,0.0,0.0,0.0,0.0,0.0,0.0,0.0,2026-07-20T09:58:01+00:00
P014178,"RHODEN, JARED",PRS,Forward,0.0,0.0,,available,1.0,,,0.0,0.0,0.0,0.0,0.0,0.0,0.0,0.0,0,2026-07-20T09:58:01+00:00
P014190,"RADZEVICIUS, GYTIS",BAS,Forward,0.0,0.0,,available,1.0,,,0.0,0.0,0.0,0.0,0.0,0.0,0.0,0.0,0,2026-07-20T09:58:01+00:00
PKLT,"HEURTEL, THOMAS",ASV,Guard,8.083333333333334,5.0,1.0,available,1.0,,,0.0,0.0,0.0,0.0,0.0,0.0,0.0,0.0,0.0,2026-07-20T09:58:01+00:00
PLCZ,"MOTIEJUNAS, DONATAS",RED,Forward,22.836666666666666,9.8,12.8,available,1.0,,,0.0,0.0,0.0,0.0,0.0,0.0,0.0,0.0,0.0,2026-07-20T09:58:01+00:00
PTGB,"LLULL, SERGIO",MAD,Guard,15.963333333333333,7.8,5.4,available,1.0,,,0.0,0.0,0.0,0.0,0.0,0.0,0.0,0.0,0.0,2026-07-20T09:58:01+00:00
P002328,"GRIGONIS, MARIUS",PAN,Forward,10.723333333333333,2.0,3.4,available,1.0,,,0.0,0.0,0.0,0.0,0.0,0.0,0.0,0.0,0.0,2026-07-20T09:58:01+00:00
P003842,"LESSORT, MATHIAS",PAN,Center,32.53333333333333,17.4,19.0,available,1.0,,,0.0,0.0,0.0,0.0,0.0,0.0,0.0,0.0,0.0,2026-07-20T09:58:01+00:00
P004292,"TOLIOPOULOS, VASSILIS",PAN,Guard,4.733333333333333,6.0,4.0,available,1.0,,,0.0,0.0,0.0,0.0,0.0,0.0,0.0,0.0,0.0,2026-07-20T09:58:01+00:00
P006085,"DIMITRIJEVIC, NENO",MUN,Forward,17.575,10.5,11.5,available,1.0,,,0.0,0.0,0.0,0.0,0.0,0.0,0.0,0.0,0.0,2026-07-20T09:58:01+00:00
P006568,"FALL, YOUSSOUPHA",BAR,Forward,17.613333333333333,7.8,15.0,available,1.0,,,0.0,0.0,0.0,0.0,0.0,0.0,0.0,0.0,0.0,2026-07-20T09:58:01+00:00
P007201,"VOIGTMANN, JOHANNES",MUN,Forward,16.45,5.8,7.2,available,1.0,,,0.0,0.0,0.0,0.0,0.0,0.0,0.0,0.0,0.0,2026-07-20T09:58:01+00:00
P008161,"BEGARIN, JUHANN",MCO,Forward,12.566666666666666,4.5,4.5,available,1.0,,,0.0,0.0,0.0,0.0,0.0,0.0,0.0,0.0,0.0,2026-07-20T09:58:01+00:00
P008962,"HAYES-DAVIS, NIGEL",PAN,Forward,29.15,10.0,13.0,available,1.0,,,0.0,0.0,0.0,0.0,0.0,0.0,0.0,0.0,0.0,2026-07-20T09:58:01+00:00
P009035,"BOLOMBOY, JOEL",RED,Center,21.936666666666667,8.6,17.2,available,1.0,,,0.0,0.0,0.0,0.0,0.0,0.0,0.0,0.0,0.0,2026-07-20T09:58:01+00:00
P009733,"JEKIRI, TONYE",PAR,Forward,14.2,3.0,-4.0,available,1.0,,,0.0,0.0,0.0,0.0,0.0,0.0,0.0,0.0,0.0,2026-07-20T09:58:01+00:00
P011214,"RIVERO, JASIEL",RED,Forward,16.033333333333335,8.2,8.2,available,1.0,,,0.0,0.0,0.0,0.0,0.0,0.0,0.0,0.0,0.0,2026-07-20T09:58:01+00:00
P011305,"CARTER, TYSON",RED,Guard,7.216666666666667,2.0,-3.0,available,1.0,,,0.0,0.0,0.0,0.0,0.0,0.0,0.0,0.0,0.0,2026-07-20T09:58:01+00:00
P013369,"JONES, CARLIK",PAR,Forward,31.725,16.5,14.5,available,1.0,,,0.0,0.0,0.0,0.0,0.0,0.0,0.0,0.0,0.0,2026-07-20T09:58:01+00:00
P014007,"MILTON, SHAKE",PAR,Guard,5.675,1.5,0.0,available,1.0,,,0.0,0.0,0.0,0.0,0.0,0.0,0.0,0.0,0.0,2026-07-20T09:58:01+00:00
P014094,"MILJENOVIC, STEFAN",RED,Guard,6.383333333333334,1.0,0.0,available,1.0,,,0.0,0.0,0.0,0.0,0.0,0.0,0.0,0.0,0.0,2026-07-20T09:58:01+00:00
